ts_code,trade_date,open,high,low,close,pre_close,change,pct_chg,vol,amount
600036.SH,2023-01-03,37.08,37.78,36.53,37.58,37.26,0.32,0.8588,606266.16,2255334.391
600036.SH,2023-01-04,37.78,38.83,37.53,38.65,37.58,1.07,2.8473,836454.11,3207024.324
600036.SH,2023-01-05,38.99,39.27,38.4,38.5,38.65,-0.15,-0.3881,619085.19,2398823.818
600036.SH,2023-01-06,38.66,38.93,37.89,38.38,38.5,-0.12,-0.3117,590006.99,2255711.424
600036.SH,2023-01-09,38.41,39.1,38.41,38.8,38.38,0.42,1.0943,499148.86,1937276.819
600036.SH,2023-01-10,38.78,38.8,38.16,38.25,38.8,-0.55,-1.4175,541971.59,2078031.131
600036.SH,2023-01-11,38.38,39.18,38.14,38.92,38.25,0.67,1.7516,541706.98,2107076.772
600036.SH,2023-01-12,39.11,39.15,38.73,39.05,38.92,0.13,0.334,304348.71,1185494.431
600036.SH,2023-01-13,39.07,39.66,38.97,39.66,39.05,0.61,1.5621,463767.08,1825772.733
600036.SH,2023-01-16,40.0,41.14,39.8,40.47,39.66,0.81,2.0424,880468.55,3569434.0
600036.SH,2023-01-17,40.45,40.94,40.28,40.68,40.47,0.21,0.5189,432047.05,1752751.493
600036.SH,2023-01-18,40.65,40.95,40.23,40.38,40.68,-0.3,-0.7375,294674.72,1191075.289
600036.SH,2023-01-19,40.2,40.8,39.92,40.65,40.38,0.27,0.6686,472490.21,1910434.244
600036.SH,2023-01-20,40.98,41.1,40.68,41.05,40.65,0.4,0.984,413402.73,1692997.05
600036.SH,2023-01-30,42.55,42.63,41.85,42.03,41.05,0.98,2.3873,1007007.4,4255796.7
600036.SH,2023-01-31,42.35,42.35,41.21,41.21,42.03,-0.82,-1.951,642311.85,2677248.182
600036.SH,2023-02-01,41.64,41.69,39.95,40.54,41.21,-0.67,-1.6258,916791.3,3709963.959
600036.SH,2023-02-02,40.7,40.75,39.55,40.03,40.54,-0.51,-1.258,727232.93,2898996.931
600036.SH,2023-02-03,39.79,39.79,39.01,39.3,40.03,-0.73,-1.8236,638163.64,2506324.574
600036.SH,2023-02-06,38.72,38.74,37.88,38.35,39.3,-0.95,-2.4173,731000.66,2790029.317
600036.SH,2023-02-07,38.5,38.94,38.16,38.41,38.35,0.06,0.1565,426570.86,1643882.586
600036.SH,2023-02-08,38.5,38.92,38.36,38.49,38.41,0.08,0.2083,317065.28,1222704.068
600036.SH,2023-02-09,38.42,38.89,38.32,38.49,38.49,0.0,0.0,498174.81,1920854.681
600036.SH,2023-02-10,38.3,38.39,37.9,38.16,38.49,-0.33,-0.8574,411026.39,1567982.948
600036.SH,2023-02-13,37.9,37.98,37.07,37.72,38.16,-0.44,-1.153,825181.34,3095654.45
600036.SH,2023-02-14,37.78,38.06,37.51,38.0,37.72,0.28,0.7423,486076.63,1836814.072
600036.SH,2023-02-15,38.0,38.09,37.0,37.17,38.0,-0.83,-2.1842,771047.78,2872782.991
600036.SH,2023-02-16,37.2,37.85,37.02,37.27,37.17,0.1,0.269,654152.31,2453427.441
600036.SH,2023-02-17,37.15,37.38,36.68,36.71,37.27,-0.56,-1.5025,575812.8,2130963.531
600036.SH,2023-02-20,36.82,38.51,36.82,38.49,36.71,1.78,4.8488,1080228.3,4089276.99
600036.SH,2023-02-21,38.43,38.82,38.13,38.69,38.49,0.2,0.5196,530465.4,2043801.362
600036.SH,2023-02-22,38.46,38.6,38.14,38.16,38.69,-0.53,-1.3699,383091.39,1467027.311
600036.SH,2023-02-23,38.16,38.77,38.16,38.27,38.16,0.11,0.2883,370638.24,1423074.975
600036.SH,2023-02-24,38.17,38.25,37.4,37.46,38.27,-0.81,-2.1165,533690.15,2011474.6
600036.SH,2023-02-27,37.27,37.58,37.09,37.16,37.46,-0.3,-0.8009,449333.67,1674343.23
600036.SH,2023-02-28,37.17,37.48,36.85,37.31,37.16,0.15,0.4037,378225.52,1405386.5
600036.SH,2023-03-01,37.25,38.34,37.2,38.25,37.31,0.94,2.5194,571194.01,2169732.585
600036.SH,2023-03-02,38.04,38.5,37.77,38.25,38.25,0.0,0.0,349070.09,1332878.911
600036.SH,2023-03-03,38.5,38.77,37.9,38.25,38.25,0.0,0.0,357113.9,1365470.222
600036.SH,2023-03-06,38.02,38.23,36.91,37.0,38.25,-1.25,-3.268,810519.39,3015166.37
600036.SH,2023-03-07,36.89,37.48,36.41,36.56,37.0,-0.44,-1.1892,737411.49,2722185.234
600036.SH,2023-03-08,36.25,36.32,35.8,36.0,36.56,-0.56,-1.5317,616583.57,2216886.862
600036.SH,2023-03-09,36.0,36.08,35.5,35.58,36.0,-0.42,-1.1667,539996.02,1928666.141
600036.SH,2023-03-10,35.05,35.66,34.95,35.03,35.58,-0.55,-1.5458,558453.66,1963698.972
600036.SH,2023-03-13,34.92,35.38,34.71,35.05,35.03,0.02,0.0571,584204.63,2046110.685
600036.SH,2023-03-14,34.68,34.93,34.34,34.58,35.05,-0.47,-1.3409,626667.5,2168927.834
600036.SH,2023-03-15,35.15,35.71,34.88,34.88,34.58,0.3,0.8676,676383.78,2380639.264
600036.SH,2023-03-16,34.5,35.15,34.21,34.65,34.88,-0.23,-0.6594,403894.89,1401995.822
600036.SH,2023-03-17,35.02,35.37,34.02,34.36,34.65,-0.29,-0.8369,832715.78,2893458.533
600036.SH,2023-03-20,34.44,34.91,34.02,34.12,34.36,-0.24,-0.6985,520725.15,1790157.157
600036.SH,2023-03-21,34.21,34.5,34.01,34.23,34.12,0.11,0.3224,367475.39,1256872.36
600036.SH,2023-03-22,34.52,34.73,34.28,34.54,34.23,0.31,0.9056,459867.4,1587045.184
600036.SH,2023-03-23,34.4,35.34,34.32,35.2,34.54,0.66,1.9108,542146.33,1890730.123
600036.SH,2023-03-24,34.98,34.98,34.23,34.43,35.2,-0.77,-2.1875,678718.39,2342134.999
600036.SH,2023-03-27,34.6,34.6,34.05,34.21,34.43,-0.22,-0.639,449836.1,1538661.024
600036.SH,2023-03-28,34.41,34.72,34.18,34.4,34.21,0.19,0.5554,533234.36,1834470.874
600036.SH,2023-03-29,34.61,34.7,34.1,34.12,34.4,-0.28,-0.814,418630.12,1433206.733
600036.SH,2023-03-30,34.15,34.39,33.71,34.35,34.12,0.23,0.6741,562289.7,1915822.304
600036.SH,2023-03-31,34.36,34.82,34.14,34.27,34.35,-0.08,-0.2329,577794.28,1993103.479
600036.SH,2023-04-03,34.31,34.45,33.98,34.37,34.27,0.1,0.2918,504675.01,1727952.628
600036.SH,2023-04-04,34.38,34.42,34.06,34.28,34.37,-0.09,-0.2619,487820.66,1668757.196
600036.SH,2023-04-06,34.17,34.17,33.73,33.8,34.28,-0.48,-1.4002,486795.67,1650684.312
600036.SH,2023-04-07,33.85,34.26,33.75,34.14,33.8,0.34,1.0059,394141.2,1343439.511
600036.SH,2023-04-10,34.15,34.3,33.97,34.24,34.14,0.1,0.2929,330159.49,1128256.665
600036.SH,2023-04-11,34.24,34.34,33.63,33.73,34.24,-0.51,-1.4895,733991.53,2485887.912
600036.SH,2023-04-12,33.89,33.95,33.66,33.74,33.73,0.01,0.0296,416127.69,1403968.679
600036.SH,2023-04-13,33.65,34.24,33.25,34.01,33.74,0.27,0.8002,634304.56,2142100.175
600036.SH,2023-04-14,34.2,34.79,34.02,34.39,34.01,0.38,1.1173,693923.38,2387857.214
600036.SH,2023-04-17,34.32,35.2,34.1,35.2,34.39,0.81,2.3553,893730.12,3107511.587
600036.SH,2023-04-18,35.21,36.35,35.12,35.68,35.2,0.48,1.3636,942714.63,3375509.116
600036.SH,2023-04-19,35.84,35.84,35.3,35.5,35.68,-0.18,-0.5045,510886.48,1815680.622
600036.SH,2023-04-20,35.6,35.74,34.86,34.99,35.5,-0.51,-1.4366,680915.3,2393722.845
600036.SH,2023-04-21,34.99,35.18,34.43,34.5,34.99,-0.49,-1.4004,531591.46,1849378.443
600036.SH,2023-04-24,34.52,34.69,33.51,33.6,34.5,-0.9,-2.6087,729873.68,2474101.753
600036.SH,2023-04-25,33.61,34.14,33.51,34.03,33.6,0.43,1.2798,512212.8,1731551.113
600036.SH,2023-04-26,33.8,33.96,33.35,33.82,34.03,-0.21,-0.6171,496500.7,1673601.45
600036.SH,2023-04-27,32.97,32.99,32.14,32.63,33.82,-1.19,-3.5186,1559279.39,5072330.698
600036.SH,2023-04-28,32.46,33.75,32.41,33.6,32.63,0.97,2.9727,940213.08,3136764.115
600036.SH,2023-05-04,33.29,34.4,32.83,34.13,33.6,0.53,1.5774,725433.03,2457318.979
600036.SH,2023-05-05,34.18,35.06,34.15,34.69,34.13,0.56,1.6408,800889.73,2785096.474
600036.SH,2023-05-08,34.86,35.95,34.64,35.6,34.69,0.91,2.6232,1064265.8,3773892.3
600036.SH,2023-05-09,35.68,36.1,34.96,34.99,35.6,-0.61,-1.7135,985529.78,3503564.878
600036.SH,2023-05-10,34.9,35.12,34.29,34.4,34.99,-0.59,-1.6862,638373.87,2203715.637
600036.SH,2023-05-11,34.6,35.33,34.4,34.45,34.4,0.05,0.1453,445802.84,1547837.683
600036.SH,2023-05-12,34.47,34.55,34.0,34.04,34.45,-0.41,-1.1901,459365.69,1569062.497
600036.SH,2023-05-15,34.09,34.85,33.71,34.7,34.04,0.66,1.9389,528094.53,1811811.263
600036.SH,2023-05-16,34.95,35.2,34.57,34.82,34.7,0.12,0.3458,385248.04,1341479.236
600036.SH,2023-05-17,34.81,35.13,34.43,34.5,34.82,-0.32,-0.919,396376.35,1380094.248
600036.SH,2023-05-18,34.73,34.84,34.21,34.45,34.5,-0.05,-0.1449,329012.3,1137523.121
600036.SH,2023-05-19,34.35,34.45,33.94,33.95,34.45,-0.5,-1.4514,392989.8,1339332.375
600036.SH,2023-05-22,33.98,34.34,33.98,34.2,33.95,0.25,0.7364,296934.41,1014463.033
600036.SH,2023-05-23,34.21,34.38,33.6,33.6,34.2,-0.6,-1.7544,346921.26,1177389.441
600036.SH,2023-05-24,33.59,33.59,32.93,32.93,33.6,-0.67,-1.994,463998.73,1541649.339
600036.SH,2023-05-25,32.76,32.76,32.16,32.42,32.93,-0.51,-1.5487,706051.03,2286618.239
600036.SH,2023-05-26,32.44,32.86,32.22,32.74,32.42,0.32,0.987,294623.74,958855.792
600036.SH,2023-05-29,32.95,32.95,32.44,32.69,32.74,-0.05,-0.1527,387300.9,1263259.965
600036.SH,2023-05-30,32.69,32.9,32.36,32.64,32.69,-0.05,-0.153,340071.78,1108840.1
600036.SH,2023-05-31,32.6,32.8,32.24,32.3,32.64,-0.34,-1.0417,525413.98,1704091.986
600036.SH,2023-06-01,32.31,32.5,32.02,32.06,32.3,-0.24,-0.743,472398.81,1521250.952
600036.SH,2023-06-02,32.22,33.1,32.2,33.07,32.06,1.01,3.1503,558856.07,1829053.08
600036.SH,2023-06-05,33.07,33.27,32.84,33.04,33.07,-0.03,-0.0907,312730.34,1033695.634
600036.SH,2023-06-06,33.04,33.8,32.98,33.07,33.04,0.03,0.0908,386633.75,1288946.278
600036.SH,2023-06-07,33.25,33.61,33.16,33.3,33.07,0.23,0.6955,338906.35,1132209.544
600036.SH,2023-06-08,33.32,34.22,33.22,34.08,33.3,0.78,2.3423,549615.01,1859578.016
600036.SH,2023-06-09,34.05,34.25,33.74,33.74,34.08,-0.34,-0.9977,415108.72,1408235.126
600036.SH,2023-06-12,33.73,33.92,33.38,33.73,33.74,-0.01,-0.0296,406773.76,1370601.854
600036.SH,2023-06-13,33.56,33.94,33.5,33.73,33.73,0.0,0.0,231245.56,779060.071
600036.SH,2023-06-14,33.93,34.04,33.39,33.39,33.73,-0.34,-1.008,382633.1,1289658.685
600036.SH,2023-06-15,33.5,33.79,33.31,33.72,33.39,0.33,0.9883,369537.06,1239411.035
600036.SH,2023-06-16,33.86,34.04,33.75,33.93,33.72,0.21,0.6228,426806.37,1448460.382
600036.SH,2023-06-19,33.91,33.91,33.56,33.58,33.93,-0.35,-1.0315,278960.62,939883.957
600036.SH,2023-06-20,33.5,33.56,33.1,33.19,33.58,-0.39,-1.1614,307648.75,1024392.135
600036.SH,2023-06-21,33.06,33.64,33.0,33.17,33.19,-0.02,-0.0603,427865.99,1426164.911
600036.SH,2023-06-26,32.93,33.1,32.42,32.61,33.17,-0.56,-1.6883,432103.0,1410658.235
600036.SH,2023-06-27,32.63,33.01,32.44,32.82,32.61,0.21,0.644,345715.27,1132557.913
600036.SH,2023-06-28,32.81,33.18,32.72,33.05,32.82,0.23,0.7008,333818.01,1100128.735
600036.SH,2023-06-29,33.05,33.18,32.67,32.68,33.05,-0.37,-1.1195,258548.31,848217.753
600036.SH,2023-06-30,32.73,33.0,32.64,32.76,32.68,0.08,0.2448,293613.27,964762.581
600036.SH,2023-07-03,32.9,33.76,32.8,33.72,32.76,0.96,2.9304,453667.67,1515242.663
600036.SH,2023-07-04,33.6,33.6,33.36,33.51,33.72,-0.21,-0.6228,224086.56,749827.211
600036.SH,2023-07-05,33.5,33.5,32.84,33.03,33.51,-0.48,-1.4324,413071.58,1365494.25
600036.SH,2023-07-06,33.03,33.12,32.51,32.58,33.03,-0.45,-1.3624,407842.46,1334753.417
600036.SH,2023-07-07,32.5,32.58,32.29,32.31,32.58,-0.27,-0.8287,472794.4,1530388.129
600036.SH,2023-07-10,32.52,32.69,32.33,32.45,32.31,0.14,0.4333,272076.77,883689.382
600036.SH,2023-07-11,32.73,32.8,32.47,32.71,32.45,0.26,0.8012,329166.54,1074347.765
600036.SH,2023-07-12,32.72,33.44,32.72,33.2,32.71,0.49,1.498,632049.33,2098753.494
600036.SH,2023-07-13,31.99,32.0,31.45,31.85,31.46,0.39,1.2397,563850.28,1791570.807
600036.SH,2023-07-14,31.94,32.19,31.78,31.93,31.85,0.08,0.2512,347520.56,1111472.582
600036.SH,2023-07-17,31.77,31.78,31.43,31.65,31.93,-0.28,-0.8769,262002.79,827190.406
600036.SH,2023-07-18,31.65,31.77,31.39,31.46,31.65,-0.19,-0.6003,316389.46,996591.508
600036.SH,2023-07-19,31.29,31.64,31.26,31.58,31.46,0.12,0.3814,240295.64,755090.293
600036.SH,2023-07-20,31.77,32.1,31.6,31.69,31.58,0.11,0.3483,272394.43,867690.876
600036.SH,2023-07-21,31.8,31.98,31.61,31.8,31.69,0.11,0.3471,315669.0,1004431.833
600036.SH,2023-07-24,31.46,31.73,31.4,31.45,31.8,-0.35,-1.1006,239122.03,753332.483
600036.SH,2023-07-25,32.0,33.35,32.0,33.27,31.45,1.82,5.787,1261620.96,4159900.848
600036.SH,2023-07-26,33.27,33.73,33.07,33.35,33.27,0.08,0.2405,501751.4,1673625.171
600036.SH,2023-07-27,33.5,33.82,33.2,33.66,33.35,0.31,0.9295,548488.96,1845231.37
600036.SH,2023-07-28,33.49,35.29,33.41,35.1,33.66,1.44,4.2781,1256287.59,4358344.107
600036.SH,2023-07-31,35.52,36.04,35.01,35.56,35.1,0.46,1.3105,1162756.05,4127807.307
600036.SH,2023-08-01,35.53,35.58,34.77,34.99,35.56,-0.57,-1.6029,660095.85,2316910.863
600036.SH,2023-08-02,34.16,34.82,33.77,34.03,34.99,-0.96,-2.7436,915357.61,3124298.66
600036.SH,2023-08-03,34.02,34.78,33.87,34.68,34.03,0.65,1.9101,509293.81,1750414.829
600036.SH,2023-08-04,35.08,35.5,34.72,34.88,34.68,0.2,0.5767,812642.48,2854335.236
600036.SH,2023-08-07,34.75,34.78,34.28,34.5,34.88,-0.38,-1.0894,344671.92,1187405.635
600036.SH,2023-08-08,34.33,34.65,33.81,34.15,34.5,-0.35,-1.0145,502282.55,1715919.7
600036.SH,2023-08-09,34.02,34.31,33.95,34.02,34.15,-0.13,-0.3807,386832.5,1318960.193
600036.SH,2023-08-10,33.9,34.25,33.8,34.14,34.02,0.12,0.3527,287724.69,978706.457
600036.SH,2023-08-11,34.16,34.47,33.15,33.15,34.14,-0.99,-2.8998,606240.04,2032299.867
600036.SH,2023-08-14,32.8,32.83,32.25,32.46,33.15,-0.69,-2.0814,667072.91,2167337.311
600036.SH,2023-08-15,32.46,32.64,32.15,32.36,32.46,-0.1,-0.3081,582959.14,1887265.044
600036.SH,2023-08-16,32.15,32.25,31.88,31.97,32.36,-0.39,-1.2052,580151.81,1857011.416
600036.SH,2023-08-17,31.78,31.87,31.49,31.79,31.97,-0.18,-0.563,646075.69,2043578.651
600036.SH,2023-08-18,31.75,32.63,31.75,31.88,31.79,0.09,0.2831,674594.67,2169641.216
600036.SH,2023-08-21,31.81,31.84,31.13,31.13,31.88,-0.75,-2.3526,809575.31,2537398.399
600036.SH,2023-08-22,31.21,31.47,31.0,31.32,31.13,0.19,0.6103,601070.44,1877097.295
600036.SH,2023-08-23,31.2,31.44,30.85,30.85,31.32,-0.47,-1.5006,560743.58,1743312.676
600036.SH,2023-08-24,31.0,31.15,30.8,31.06,30.85,0.21,0.6807,412256.14,1277299.345
600036.SH,2023-08-25,31.0,31.85,30.9,31.56,31.06,0.5,1.6098,647471.34,2028793.535
600036.SH,2023-08-28,33.3,33.93,32.03,32.26,31.56,0.7,2.218,1405093.67,4608776.006
600036.SH,2023-08-29,32.26,32.44,31.77,32.04,32.26,-0.22,-0.682,721169.98,2310485.794
600036.SH,2023-08-30,32.19,32.19,31.55,31.66,32.04,-0.38,-1.186,639801.58,2031430.069
600036.SH,2023-08-31,31.8,32.08,31.49,31.55,31.66,-0.11,-0.3474,503220.17,1595044.491
600036.SH,2023-09-01,31.95,32.63,31.88,32.27,31.55,0.72,2.2821,697526.19,2250478.414
600036.SH,2023-09-04,32.58,33.61,32.47,33.53,32.27,1.26,3.9046,1104299.32,3671655.441
600036.SH,2023-09-05,33.3,33.44,32.97,33.11,33.53,-0.42,-1.2526,447322.61,1483496.734
600036.SH,2023-09-06,33.1,33.46,32.77,33.36,33.11,0.25,0.7551,546740.47,1812037.299
600036.SH,2023-09-07,33.31,33.31,33.01,33.14,33.36,-0.22,-0.6595,358701.98,1188879.205
600036.SH,2023-09-08,33.0,33.26,32.95,33.17,33.14,0.03,0.0905,298500.98,989879.153
600036.SH,2023-09-11,33.13,33.29,32.91,32.91,33.17,-0.26,-0.7838,632873.69,2091952.941
600036.SH,2023-09-12,32.9,33.05,32.82,32.88,32.91,-0.03,-0.0912,277590.78,914017.922
600036.SH,2023-09-13,32.95,33.08,32.66,32.75,32.88,-0.13,-0.3954,298915.34,980129.608
600036.SH,2023-09-14,32.95,33.19,32.85,33.07,32.75,0.32,0.9771,437343.9,1443840.329
600036.SH,2023-09-15,33.3,33.42,32.8,32.96,33.07,-0.11,-0.3326,439602.15,1453249.853
600036.SH,2023-09-18,32.87,33.05,32.7,33.02,32.96,0.06,0.182,360401.92,1186454.306
600036.SH,2023-09-19,33.0,33.0,32.72,32.96,33.02,-0.06,-0.1817,384652.7,1263587.161
600036.SH,2023-09-20,32.86,32.86,32.63,32.73,32.96,-0.23,-0.6978,309317.58,1012842.173
600036.SH,2023-09-21,32.75,32.81,32.37,32.37,32.73,-0.36,-1.0999,390318.54,1270724.458
600036.SH,2023-09-22,32.59,33.37,32.32,33.34,32.37,0.97,2.9966,712833.16,2349131.841
600036.SH,2023-09-25,33.28,33.28,32.9,33.0,33.34,-0.34,-1.0198,456515.41,1506238.619
600036.SH,2023-09-26,32.93,33.08,32.75,32.8,33.0,-0.2,-0.6061,322023.56,1058673.65
600036.SH,2023-09-27,32.9,33.09,32.75,32.82,32.8,0.02,0.061,352466.79,1159673.83
600036.SH,2023-09-28,33.02,33.14,32.75,32.97,32.82,0.15,0.457,388564.69,1280959.169
600036.SH,2023-10-09,32.7,32.7,32.38,32.58,32.97,-0.39,-1.1829,361342.67,1176010.754
600036.SH,2023-10-10,33.12,33.13,32.59,32.59,32.58,0.01,0.0307,342636.98,1123856.356
600036.SH,2023-10-11,32.84,32.85,32.4,32.45,32.59,-0.14,-0.4296,376091.24,1226529.938
600036.SH,2023-10-12,32.99,33.33,32.78,33.07,32.45,0.62,1.9106,617459.63,2041713.576
600036.SH,2023-10-13,32.78,32.88,32.51,32.61,33.07,-0.46,-1.391,410371.87,1341527.525
600036.SH,2023-10-16,32.58,32.66,32.24,32.31,32.61,-0.3,-0.92,286774.14,928068.013
600036.SH,2023-10-17,32.39,32.6,32.22,32.52,32.31,0.21,0.65,286229.14,928757.316
600036.SH,2023-10-18,32.49,32.64,32.41,32.49,32.52,-0.03,-0.0923,249316.67,810933.178
600036.SH,2023-10-19,32.4,32.4,31.52,31.57,32.49,-0.92,-2.8316,604293.38,1922080.369
600036.SH,2023-10-20,31.49,31.81,31.4,31.65,31.57,0.08,0.2534,372589.37,1178535.483
600036.SH,2023-10-23,31.59,31.65,31.0,31.23,31.65,-0.42,-1.327,393801.84,1232365.016
600036.SH,2023-10-24,31.38,31.41,31.04,31.3,31.23,0.07,0.2241,365526.63,1142319.006
600036.SH,2023-10-25,31.6,31.75,31.2,31.42,31.3,0.12,0.3834,375693.32,1179249.724
600036.SH,2023-10-26,31.36,31.75,31.26,31.5,31.42,0.08,0.2546,287029.85,904374.422
600036.SH,2023-10-27,31.45,31.65,31.15,31.53,31.5,0.03,0.0952,391452.76,1231933.968
600036.SH,2023-10-30,31.01,31.13,30.55,30.9,31.53,-0.63,-1.9981,838500.56,2582604.676
600036.SH,2023-10-31,30.74,30.99,30.61,30.76,30.9,-0.14,-0.4531,528015.99,1624462.29
600036.SH,2023-11-01,30.8,30.88,30.43,30.45,30.76,-0.31,-1.0078,529897.07,1617976.148
600036.SH,2023-11-02,30.6,30.81,30.51,30.68,30.45,0.23,0.7553,364667.71,1118895.486
600036.SH,2023-11-03,30.68,31.04,30.6,30.99,30.68,0.31,1.0104,439568.79,1357177.293
600036.SH,2023-11-06,31.15,31.35,30.96,31.14,30.99,0.15,0.484,519823.85,1617714.882
600036.SH,2023-11-07,31.14,31.14,30.65,30.8,31.14,-0.34,-1.0918,516240.67,1589834.114
600036.SH,2023-11-08,30.74,30.78,30.5,30.6,30.8,-0.2,-0.6494,445182.98,1363161.957
600036.SH,2023-11-09,30.55,30.78,30.52,30.66,30.6,0.06,0.1961,327649.58,1003833.045
600036.SH,2023-11-10,30.5,30.56,30.1,30.16,30.66,-0.5,-1.6308,516964.62,1561581.974
600036.SH,2023-11-13,30.17,30.27,29.61,29.82,30.16,-0.34,-1.1273,634242.73,1891693.842
600036.SH,2023-11-14,29.87,30.2,29.86,30.2,29.82,0.38,1.2743,448342.67,1347710.79
600036.SH,2023-11-15,30.45,30.77,30.39,30.64,30.2,0.44,1.457,601939.6,1842095.992
600036.SH,2023-11-16,30.67,30.77,30.37,30.54,30.64,-0.1,-0.3264,315719.93,965161.754
600036.SH,2023-11-17,30.46,30.52,30.1,30.33,30.54,-0.21,-0.6876,432452.82,1308022.703
600036.SH,2023-11-20,30.34,30.59,30.14,30.58,30.33,0.25,0.8243,369227.08,1123420.442
600036.SH,2023-11-21,30.75,30.87,30.37,30.43,30.58,-0.15,-0.4905,488544.7,1497630.759
600036.SH,2023-11-22,30.3,30.41,30.15,30.16,30.43,-0.27,-0.8873,273705.42,828342.908
600036.SH,2023-11-23,30.02,30.21,29.95,30.14,30.16,-0.02,-0.0663,299793.83,900540.283
600036.SH,2023-11-24,30.06,30.1,29.93,30.0,30.14,-0.14,-0.4645,291162.76,873539.196
600036.SH,2023-11-27,30.0,30.03,29.29,29.4,30.0,-0.6,-2.0,581019.58,1714186.982
600036.SH,2023-11-28,29.41,29.49,29.04,29.16,29.4,-0.24,-0.8163,475165.11,1389229.278
600036.SH,2023-11-29,29.2,29.24,28.68,28.8,29.16,-0.36,-1.2346,620637.52,1789462.813
600036.SH,2023-11-30,28.8,28.98,28.6,28.79,28.8,-0.01,-0.0347,551560.06,1585194.742
600036.SH,2023-12-01,28.72,28.74,28.07,28.26,28.79,-0.53,-1.8409,882736.44,2496795.77
600036.SH,2023-12-04,28.27,28.46,28.02,28.08,28.26,-0.18,-0.6369,557878.3,1569603.288
600036.SH,2023-12-05,28.06,28.07,27.5,27.51,28.08,-0.57,-2.0299,618901.67,1717656.519
600036.SH,2023-12-06,27.56,27.96,27.45,27.76,27.51,0.25,0.9088,611259.26,1697947.805
600036.SH,2023-12-07,27.77,27.94,27.29,27.81,27.76,0.05,0.1801,594966.98,1643064.047
600036.SH,2023-12-08,27.7,27.95,27.5,27.5,27.81,-0.31,-1.1147,533497.65,1479206.064
600036.SH,2023-12-11,27.25,27.85,26.9,27.76,27.5,0.26,0.9455,758085.97,2067921.108
600036.SH,2023-12-12,27.7,28.07,27.61,28.05,27.76,0.29,1.0447,504201.11,1409339.298
600036.SH,2023-12-13,27.92,27.92,27.2,27.22,28.05,-0.83,-2.959,671239.32,1844591.027
600036.SH,2023-12-14,27.44,27.64,27.03,27.03,27.22,-0.19,-0.698,445268.08,1214879.008
600036.SH,2023-12-15,27.47,28.05,27.2,27.23,27.03,0.2,0.7399,980686.59,2697705.037
600036.SH,2023-12-18,27.0,27.38,26.9,27.28,27.23,0.05,0.1836,477164.25,1299068.335
600036.SH,2023-12-19,27.2,27.35,27.02,27.29,27.28,0.01,0.0367,376573.73,1024185.206
600036.SH,2023-12-20,27.31,27.41,27.06,27.06,27.29,-0.23,-0.8428,531128.08,1446520.286
600036.SH,2023-12-21,26.98,27.75,26.92,27.71,27.06,0.65,2.4021,759104.81,2082187.758
600036.SH,2023-12-22,27.78,27.85,27.41,27.61,27.71,-0.1,-0.3609,623643.72,1721377.205
600036.SH,2023-12-25,27.6,27.72,27.42,27.53,27.61,-0.08,-0.2898,419033.86,1154001.375
600036.SH,2023-12-26,27.49,27.49,27.16,27.27,27.53,-0.26,-0.9444,365257.08,997177.589
600036.SH,2023-12-27,27.33,27.37,27.05,27.3,27.27,0.03,0.11,410636.87,1117439.216
600036.SH,2023-12-28,27.25,28.13,27.25,27.99,27.3,0.69,2.5275,1061062.85,2953200.858
600036.SH,2023-12-29,27.9,28.05,27.77,27.82,27.99,-0.17,-0.6074,655773.45,1827818.811
600036.SH,2024-01-02,27.95,27.96,27.56,27.58,27.82,-0.24,-0.8627,542194.8,1500865.548
600036.SH,2024-01-03,27.58,27.84,27.52,27.77,27.58,0.19,0.6889,433955.88,1200383.624
600036.SH,2024-01-04,27.76,27.83,27.36,27.81,27.77,0.04,0.144,637102.49,1759101.593
600036.SH,2024-01-05,27.75,28.78,27.62,28.29,27.81,0.48,1.726,1190633.15,3376466.447
600036.SH,2024-01-08,28.17,28.59,27.95,28.13,28.29,-0.16,-0.5656,816820.7,2305065.736
600036.SH,2024-01-09,28.12,28.28,27.9,28.17,28.13,0.04,0.1422,558663.06,1569684.23
600036.SH,2024-01-10,28.02,28.35,28.02,28.05,28.17,-0.12,-0.426,453640.48,1277638.873
600036.SH,2024-01-11,28.0,28.57,27.85,28.38,28.05,0.33,1.1765,735318.26,2082611.272
600036.SH,2024-01-12,28.26,28.78,28.26,28.54,28.38,0.16,0.5638,577832.01,1652242.626
600036.SH,2024-01-15,28.5,28.94,28.37,28.77,28.54,0.23,0.8059,482452.29,1383953.76
600036.SH,2024-01-16,28.63,29.13,28.6,29.13,28.77,0.36,1.2513,853440.24,2469511.282
600036.SH,2024-01-17,29.12,29.58,29.03,29.19,29.13,0.06,0.206,1308601.46,3843478.823
600036.SH,2024-01-18,28.94,29.68,28.6,29.58,29.19,0.39,1.3361,1295126.45,3762050.846
600036.SH,2024-01-19,29.37,29.9,29.14,29.73,29.58,0.15,0.5071,968616.23,2865398.412
600036.SH,2024-01-22,29.76,30.5,29.7,30.25,29.73,0.52,1.7491,1549702.67,4691297.1
600036.SH,2024-01-23,30.01,30.35,29.8,29.99,30.25,-0.26,-0.8595,886055.52,2661547.376
600036.SH,2024-01-24,30.15,30.29,29.38,30.09,29.99,0.1,0.3334,974892.39,2904947.629
600036.SH,2024-01-25,30.31,31.0,30.18,30.9,30.09,0.81,2.6919,1234509.22,3791899.866
600036.SH,2024-01-26,30.92,31.35,30.66,31.12,30.9,0.22,0.712,1009915.78,3132788.305
600036.SH,2024-01-29,31.2,31.6,31.17,31.35,31.12,0.23,0.7391,838824.33,2632393.04
600036.SH,2024-01-30,31.2,31.5,30.78,31.0,31.35,-0.35,-1.1164,743999.13,2316762.5
600036.SH,2024-01-31,30.92,31.19,30.59,30.71,31.0,-0.29,-0.9355,808949.28,2494516.011
600036.SH,2024-02-01,30.67,30.84,30.2,30.42,30.71,-0.29,-0.9443,859700.09,2621519.218
600036.SH,2024-02-02,30.45,30.66,29.64,30.23,30.42,-0.19,-0.6246,987291.65,2986530.108
600036.SH,2024-02-05,30.23,30.95,30.06,30.71,30.23,0.48,1.5878,1063978.81,3246673.368
600036.SH,2024-02-06,30.71,31.35,30.6,31.33,30.71,0.62,2.0189,1062158.43,3296036.54
600036.SH,2024-02-07,31.42,31.48,30.81,31.31,31.33,-0.02,-0.0638,1110510.58,3458135.329
600036.SH,2024-02-08,31.31,31.45,31.02,31.4,31.31,0.09,0.2874,873004.36,2728137.528
600036.SH,2024-02-19,31.99,31.99,31.41,31.62,31.4,0.22,0.7006,875490.1,2770406.837
600036.SH,2024-02-20,31.62,31.62,31.29,31.4,31.62,-0.22,-0.6958,606404.69,1907541.533
600036.SH,2024-02-21,31.4,33.39,31.35,33.0,31.4,1.6,5.0955,1528656.12,5003152.628
600036.SH,2024-02-22,32.81,32.95,32.39,32.8,33.0,-0.2,-0.6061,752760.38,2461009.465
600036.SH,2024-02-23,32.81,33.4,32.62,32.95,32.8,0.15,0.4573,639848.72,2118316.307
600036.SH,2024-02-26,32.86,33.06,32.08,32.25,32.95,-0.7,-2.1244,666390.18,2163023.087
600036.SH,2024-02-27,32.24,32.4,31.99,32.18,32.25,-0.07,-0.2171,543491.54,1746108.592
600036.SH,2024-02-28,32.29,32.29,31.6,32.02,32.18,-0.16,-0.4972,683707.52,2186677.932
600036.SH,2024-02-29,31.89,32.2,31.85,32.04,32.02,0.02,0.0625,498928.29,1595634.178
600036.SH,2024-03-01,31.92,32.08,31.75,31.94,32.04,-0.1,-0.3121,427173.92,1361853.701
600036.SH,2024-03-04,31.76,31.87,31.47,31.52,31.94,-0.42,-1.315,591350.15,1868022.544
600036.SH,2024-03-05,31.42,32.21,31.31,32.18,31.52,0.66,2.0939,894028.67,2850224.114
600036.SH,2024-03-06,32.14,32.26,31.87,31.87,32.18,-0.31,-0.9633,516101.77,1655425.115
600036.SH,2024-03-07,31.87,32.13,31.78,32.0,31.87,0.13,0.4079,519491.97,1659111.449
600036.SH,2024-03-08,31.89,32.01,31.55,31.67,32.0,-0.33,-1.0313,441071.17,1399732.269
600036.SH,2024-03-11,31.55,31.75,31.2,31.48,31.67,-0.19,-0.5999,738537.94,2318402.185
600036.SH,2024-03-12,31.42,32.15,31.28,31.95,31.48,0.47,1.493,769253.75,2447163.517
600036.SH,2024-03-13,31.96,31.99,31.43,31.52,31.95,-0.43,-1.3459,469387.14,1482651.384
600036.SH,2024-03-14,31.46,31.72,31.16,31.25,31.52,-0.27,-0.8566,508174.98,1595073.269
600036.SH,2024-03-15,31.24,31.42,31.0,31.18,31.25,-0.07,-0.224,520780.63,1621589.213
600036.SH,2024-03-18,31.15,31.34,31.0,31.13,31.18,-0.05,-0.1604,461897.7,1436837.36
600036.SH,2024-03-19,31.1,31.11,30.73,30.8,31.13,-0.33,-1.0601,547025.3,1688506.946
600036.SH,2024-03-20,30.8,31.2,30.66,31.18,30.8,0.38,1.2338,498272.25,1544956.631
600036.SH,2024-03-21,31.17,31.76,31.05,31.55,31.18,0.37,1.1867,646761.08,2040298.376
600036.SH,2024-03-22,31.53,31.55,30.9,31.2,31.55,-0.35,-1.1094,552878.52,1722145.156
600036.SH,2024-03-25,31.11,31.51,30.92,31.35,31.2,0.15,0.4808,483759.02,1514858.505
600036.SH,2024-03-26,31.8,32.66,31.73,32.4,31.35,1.05,3.3493,1244307.91,4014510.51
600036.SH,2024-03-27,32.29,32.65,32.21,32.3,32.4,-0.1,-0.3086,782084.88,2539984.05
600036.SH,2024-03-28,32.34,32.5,32.07,32.18,32.3,-0.12,-0.3715,694744.92,2242513.222
600036.SH,2024-03-29,32.1,32.64,32.07,32.2,32.18,0.02,0.0622,514001.31,1663236.764
600036.SH,2024-04-01,32.18,32.85,32.18,32.64,32.2,0.44,1.3665,570152.32,1861582.316
600036.SH,2024-04-02,32.7,32.92,32.44,32.55,32.64,-0.09,-0.2757,536618.99,1753251.097
600036.SH,2024-04-03,32.54,32.63,32.23,32.23,32.55,-0.32,-0.9831,498081.63,1612691.616
600036.SH,2024-04-08,32.24,32.56,32.03,32.4,32.23,0.17,0.5275,477291.23,1544564.957
600036.SH,2024-04-09,32.5,32.63,32.31,32.31,32.4,-0.09,-0.2778,384772.07,1248965.235
600036.SH,2024-04-10,32.19,32.68,32.19,32.49,32.31,0.18,0.5571,504013.72,1638691.786
600036.SH,2024-04-11,32.31,32.42,32.13,32.3,32.49,-0.19,-0.5848,443747.73,1432073.801
600036.SH,2024-04-12,32.28,32.47,32.06,32.12,32.3,-0.18,-0.5573,478204.14,1540845.216
600036.SH,2024-04-15,32.1,33.0,32.09,32.83,32.12,0.71,2.2105,764644.73,2503221.029
600036.SH,2024-04-16,32.71,32.97,32.45,32.75,32.83,-0.08,-0.2437,741556.1,2429469.045
600036.SH,2024-04-17,32.69,33.49,32.47,33.3,32.75,0.55,1.6794,948211.96,3131202.074
600036.SH,2024-04-18,33.26,34.1,33.19,33.65,33.3,0.35,1.0511,1006574.01,3393695.785
600036.SH,2024-04-19,33.56,33.84,33.42,33.62,33.65,-0.03,-0.0892,540383.5,1818443.521
600036.SH,2024-04-22,33.78,34.19,33.05,33.34,33.62,-0.28,-0.8328,607535.07,2034006.573
600036.SH,2024-04-23,33.3,33.82,33.23,33.38,33.34,0.04,0.12,512452.44,1717681.682
600036.SH,2024-04-24,33.38,33.55,33.1,33.46,33.38,0.08,0.2397,443383.53,1480785.929
600036.SH,2024-04-25,33.44,34.4,33.38,34.4,33.46,0.94,2.8093,919481.8,3136628.386
600036.SH,2024-04-26,34.4,34.87,34.22,34.48,34.4,0.08,0.2326,954898.83,3292052.902
600036.SH,2024-04-29,34.4,35.16,34.2,34.88,34.48,0.4,1.1601,818064.12,2854804.596
600036.SH,2024-04-30,34.4,34.58,34.05,34.31,34.88,-0.57,-1.6342,868041.8,2982962.844
600036.SH,2024-05-06,35.1,35.36,34.72,34.88,34.31,0.57,1.6613,1000704.94,3501168.456
600036.SH,2024-05-07,34.88,34.95,34.63,34.87,34.88,-0.01,-0.0287,473848.57,1649813.221
600036.SH,2024-05-08,34.82,34.96,34.55,34.57,34.87,-0.3,-0.8603,412861.58,1434042.865
600036.SH,2024-05-09,34.6,34.93,34.6,34.84,34.57,0.27,0.781,512391.31,1782846.432
600036.SH,2024-05-10,34.84,35.85,34.8,35.62,34.84,0.78,2.2388,940365.7,3331360.84
600036.SH,2024-05-13,35.44,36.07,35.33,35.91,35.62,0.29,0.8141,747800.26,2674602.938
600036.SH,2024-05-14,35.89,36.13,35.2,35.34,35.91,-0.57,-1.5873,687778.84,2440460.309
600036.SH,2024-05-15,35.33,35.44,34.69,35.05,35.34,-0.29,-0.8206,674944.06,2361226.415
600036.SH,2024-05-16,35.08,36.45,35.0,36.25,35.05,1.2,3.4237,1291475.53,4659047.071
600036.SH,2024-05-17,36.3,36.9,36.06,36.85,36.25,0.6,1.6552,916879.44,3342837.158
600036.SH,2024-05-20,36.85,37.0,36.09,36.38,36.85,-0.47,-1.2754,914250.0,3337501.051
600036.SH,2024-05-21,36.36,36.52,36.13,36.24,36.38,-0.14,-0.3848,445999.44,1620630.88
600036.SH,2024-05-22,36.22,36.38,35.76,36.06,36.24,-0.18,-0.4967,664477.39,2398900.244
600036.SH,2024-05-23,35.9,36.01,35.32,35.5,36.06,-0.56,-1.553,924584.95,3284073.837
600036.SH,2024-05-24,35.3,35.48,34.66,34.74,35.5,-0.76,-2.1408,870440.0,3051224.758
600036.SH,2024-05-27,34.85,35.21,34.75,35.14,34.74,0.4,1.1514,570938.14,1997775.669
600036.SH,2024-05-28,35.1,35.33,34.72,34.83,35.14,-0.31,-0.8822,476190.58,1660811.058
600036.SH,2024-05-29,34.75,35.06,34.46,34.57,34.83,-0.26,-0.7465,491041.18,1703567.318
600036.SH,2024-05-30,34.45,34.9,34.18,34.34,34.57,-0.23,-0.6653,559244.84,1928489.154
600036.SH,2024-05-31,34.53,34.6,34.28,34.28,34.34,-0.06,-0.1747,508932.48,1752657.846
600036.SH,2024-06-03,34.22,34.38,33.92,34.15,34.28,-0.13,-0.3792,608111.35,2071791.245
600036.SH,2024-06-04,34.15,34.68,34.1,34.54,34.15,0.39,1.142,533788.42,1840296.169
600036.SH,2024-06-05,34.68,34.7,33.89,33.99,34.54,-0.55,-1.5924,691041.22,2359792.656
600036.SH,2024-06-06,34.09,34.2,33.78,34.0,33.99,0.01,0.0294,677240.66,2302856.624
600036.SH,2024-06-07,34.05,34.25,33.65,33.99,34.0,-0.01,-0.0294,678265.59,2298090.33
600036.SH,2024-06-11,33.78,33.97,33.12,33.36,33.99,-0.63,-1.8535,690448.31,2309722.313
600036.SH,2024-06-12,33.35,33.36,32.95,33.09,33.36,-0.27,-0.8094,511380.59,1693037.688
600036.SH,2024-06-13,33.2,33.22,32.72,32.82,33.09,-0.27,-0.816,550184.21,1808251.998
600036.SH,2024-06-14,32.82,34.02,32.82,33.81,32.82,0.99,3.0165,991674.29,3324856.785
600036.SH,2024-06-17,33.6,33.8,33.39,33.73,33.81,-0.08,-0.2366,457682.48,1539063.152
600036.SH,2024-06-18,33.86,34.3,33.62,33.71,33.73,-0.02,-0.0593,453675.39,1538144.777
600036.SH,2024-06-19,33.71,34.4,33.66,34.15,33.71,0.44,1.3053,585937.22,1997678.159
600036.SH,2024-06-20,34.16,34.23,33.9,34.01,34.15,-0.14,-0.41,392466.67,1336247.232
600036.SH,2024-06-21,33.88,34.08,33.49,33.7,34.01,-0.31,-0.9115,523962.8,1765822.362
600036.SH,2024-06-24,33.79,34.22,33.49,34.07,33.7,0.37,1.0979,692589.54,2350203.464
600036.SH,2024-06-25,34.07,34.47,33.97,34.3,34.07,0.23,0.6751,638160.2,2187945.494
600036.SH,2024-06-26,34.18,34.36,33.95,34.06,34.3,-0.24,-0.6997,452638.01,1545807.548
600036.SH,2024-06-27,33.96,34.34,33.83,34.26,34.06,0.2,0.5872,555172.6,1894891.373
600036.SH,2024-06-28,34.2,34.48,34.04,34.19,34.26,-0.07,-0.2043,525749.4,1799951.939
600036.SH,2024-07-01,34.19,34.4,33.95,34.36,34.19,0.17,0.4972,472238.65,1616131.283
600036.SH,2024-07-02,34.38,35.25,34.36,35.08,34.36,0.72,2.0955,868770.71,3041833.255
600036.SH,2024-07-03,35.01,35.09,34.31,34.46,35.08,-0.62,-1.7674,691372.7,2388331.234
600036.SH,2024-07-04,34.54,35.04,34.48,34.71,34.46,0.25,0.7255,696918.92,2424281.266
600036.SH,2024-07-05,34.71,34.83,33.66,33.88,34.71,-0.83,-2.3912,967782.76,3295568.199
600036.SH,2024-07-08,33.85,34.23,33.71,33.99,33.88,0.11,0.3247,545730.02,1855611.836
600036.SH,2024-07-09,33.99,34.55,33.72,34.47,33.99,0.48,1.4122,621037.01,2124005.154
600036.SH,2024-07-10,34.47,35.0,34.45,34.68,34.47,0.21,0.6092,726314.24,2524474.646
600036.SH,2024-07-11,33.08,33.13,32.79,32.9,32.71,0.19,0.5809,732388.96,2411951.386
600036.SH,2024-07-12,33.01,34.08,33.01,34.0,32.9,1.1,3.3435,944904.25,3199683.547
600036.SH,2024-07-15,34.0,34.05,33.72,33.78,34.0,-0.22,-0.6471,474603.66,1605883.747
600036.SH,2024-07-16,33.76,33.89,33.46,33.79,33.78,0.01,0.0296,455792.55,1535668.998
600036.SH,2024-07-17,33.7,34.19,33.65,34.07,33.79,0.28,0.8286,577954.22,1964635.267
600036.SH,2024-07-18,34.07,34.25,33.76,34.09,34.07,0.02,0.0587,598627.17,2036474.28
600036.SH,2024-07-19,34.0,34.3,33.59,34.25,34.09,0.16,0.4693,810072.18,2749172.01
600036.SH,2024-07-22,34.17,34.17,33.09,33.34,34.25,-0.91,-2.6569,808205.77,2694241.975
600036.SH,2024-07-23,33.34,33.71,33.23,33.34,33.34,0.0,0.0,538754.68,1803269.6
600036.SH,2024-07-24,33.45,33.58,33.03,33.18,33.34,-0.16,-0.4799,482452.94,1604648.703
600036.SH,2024-07-25,33.22,33.32,32.37,32.83,33.18,-0.35,-1.0549,762078.54,2496804.673
600036.SH,2024-07-26,32.8,33.04,32.11,32.37,32.83,-0.46,-1.4012,601461.67,1952156.132
600036.SH,2024-07-29,32.38,32.65,32.2,32.45,32.37,0.08,0.2471,413475.33,1343740.115
600036.SH,2024-07-30,32.4,32.59,32.15,32.42,32.45,-0.03,-0.0924,390781.61,1264925.929
600036.SH,2024-07-31,32.42,33.0,32.25,32.73,32.42,0.31,0.9562,595369.65,1948675.368
600036.SH,2024-08-01,32.73,32.85,32.27,32.71,32.73,-0.02,-0.0611,409138.81,1332771.463
600036.SH,2024-08-02,32.42,32.6,32.23,32.28,32.71,-0.43,-1.3146,386130.24,1250037.017
600036.SH,2024-08-05,32.2,32.52,32.05,32.1,32.28,-0.18,-0.5576,584419.84,1884940.815
600036.SH,2024-08-06,32.36,32.39,31.51,31.7,32.1,-0.4,-1.2461,514388.64,1637765.272
600036.SH,2024-08-07,31.73,31.9,31.55,31.58,31.7,-0.12,-0.3785,390731.73,1238023.516
600036.SH,2024-08-08,31.61,31.98,31.38,31.93,31.58,0.35,1.1083,394599.78,1252394.782
600036.SH,2024-08-09,31.97,32.58,31.81,32.33,31.93,0.4,1.2527,482748.47,1561254.687
600036.SH,2024-08-12,32.3,32.34,31.93,32.12,32.33,-0.21,-0.6496,318943.21,1023447.632
600036.SH,2024-08-13,32.1,32.23,31.76,31.94,32.12,-0.18,-0.5604,282377.69,902009.896
600036.SH,2024-08-14,31.9,32.14,31.81,31.86,31.94,-0.08,-0.2505,282446.1,901196.911
600036.SH,2024-08-15,31.85,32.92,31.65,32.76,31.86,0.9,2.8249,739789.83,2409557.383
600036.SH,2024-08-16,32.75,33.25,32.72,33.15,32.76,0.39,1.1905,418503.02,1383877.362
600036.SH,2024-08-19,33.25,33.5,33.03,33.42,33.15,0.27,0.8145,422843.42,1409948.503
600036.SH,2024-08-20,33.45,33.6,33.16,33.48,33.42,0.06,0.1795,423728.73,1415473.211
600036.SH,2024-08-21,33.3,33.43,32.82,33.24,33.48,-0.24,-0.7168,378101.05,1254587.421
600036.SH,2024-08-22,33.28,33.55,33.18,33.3,33.24,0.06,0.1805,382863.99,1276718.683
600036.SH,2024-08-23,33.27,33.85,33.07,33.7,33.3,0.4,1.2012,465587.26,1561509.818
600036.SH,2024-08-26,33.7,33.84,33.47,33.77,33.7,0.07,0.2077,351174.6,1182990.04
600036.SH,2024-08-27,33.77,33.94,33.53,33.7,33.77,-0.07,-0.2073,387208.57,1308314.397
600036.SH,2024-08-28,33.83,33.98,33.44,33.68,33.7,-0.02,-0.0593,415232.08,1398682.394
600036.SH,2024-08-29,33.59,33.77,32.9,32.93,33.68,-0.75,-2.2268,516387.82,1712021.359
600036.SH,2024-08-30,32.8,33.11,32.12,32.15,32.93,-0.78,-2.3687,1112229.83,3618077.5
600036.SH,2024-09-02,32.0,32.38,31.84,31.93,32.15,-0.22,-0.6843,558020.65,1787602.792
600036.SH,2024-09-03,32.01,32.08,31.4,31.62,31.93,-0.31,-0.9709,505751.88,1596269.78
600036.SH,2024-09-04,31.53,31.93,31.35,31.36,31.62,-0.26,-0.8223,380525.9,1198859.446
600036.SH,2024-09-05,31.36,31.44,30.9,31.2,31.36,-0.16,-0.5102,542063.45,1687017.96
600036.SH,2024-09-06,31.25,31.74,31.2,31.25,31.2,0.05,0.1603,383182.14,1206615.762
600036.SH,2024-09-09,30.98,30.99,30.04,30.24,31.25,-1.01,-3.232,871073.47,2641195.521
600036.SH,2024-09-10,30.25,30.43,29.94,30.19,30.24,-0.05,-0.1653,476023.57,1435849.555
600036.SH,2024-09-11,30.14,30.2,29.93,30.08,30.19,-0.11,-0.3644,415793.76,1249059.023
600036.SH,2024-09-12,30.1,30.5,29.94,30.23,30.08,0.15,0.4987,410266.97,1242374.645
600036.SH,2024-09-13,30.28,30.9,30.0,30.6,30.23,0.37,1.2239,495974.43,1520857.906
600036.SH,2024-09-18,30.61,31.2,30.61,31.11,30.6,0.51,1.6667,418540.27,1295345.114
600036.SH,2024-09-19,31.2,31.23,30.63,30.82,31.11,-0.29,-0.9322,451191.26,1393040.942
600036.SH,2024-09-20,30.82,31.11,30.66,30.94,30.82,0.12,0.3894,487417.55,1505998.312
600036.SH,2024-09-23,30.85,31.49,30.84,31.39,30.94,0.45,1.4544,344608.72,1076332.365
600036.SH,2024-09-24,31.68,33.14,31.67,33.13,31.39,1.74,5.5432,1361218.0,4427310.186
600036.SH,2024-09-25,33.85,34.49,33.7,34.15,33.13,1.02,3.0788,1856242.79,6327661.421
600036.SH,2024-09-26,34.16,35.38,33.91,35.38,34.15,1.23,3.6018,1745329.99,6068657.572
600036.SH,2024-09-27,36.11,36.5,34.91,35.63,35.38,0.25,0.7066,745457.82,2653812.67
600036.SH,2024-09-30,36.35,38.0,35.92,37.61,35.63,1.98,5.5571,2561012.6,9443438.268
600036.SH,2024-10-08,41.37,41.37,38.82,40.0,37.61,2.39,6.3547,2973038.68,11999361.938
600036.SH,2024-10-09,39.7,39.72,37.01,37.01,40.0,-2.99,-7.475,1855932.1,7113813.985
600036.SH,2024-10-10,37.4,39.5,37.4,38.73,37.01,1.72,4.6474,1433298.41,5528664.144
600036.SH,2024-10-11,38.73,39.22,38.03,38.43,38.73,-0.3,-0.7746,903475.8,3498241.86
600036.SH,2024-10-14,39.01,39.8,38.69,39.33,38.43,0.9,2.3419,1292938.39,5076841.42
600036.SH,2024-10-15,39.17,39.99,38.5,38.5,39.33,-0.83,-2.1103,955976.53,3755705.942
600036.SH,2024-10-16,38.15,39.5,38.13,39.5,38.5,1.0,2.5974,1012548.15,3963555.265
600036.SH,2024-10-17,39.53,39.79,38.49,38.49,39.5,-1.01,-2.557,848922.28,3315820.471
600036.SH,2024-10-18,38.51,39.43,38.21,39.05,38.49,0.56,1.4549,928194.33,3603949.498
600036.SH,2024-10-21,39.15,39.15,38.5,38.85,39.05,-0.2,-0.5122,717539.46,2780905.731
600036.SH,2024-10-22,38.84,39.6,38.75,39.17,38.85,0.32,0.8237,600526.1,2352800.199
600036.SH,2024-10-23,39.06,39.94,39.02,39.66,39.17,0.49,1.251,627099.68,2482861.345
600036.SH,2024-10-24,39.55,39.68,39.14,39.31,39.66,-0.35,-0.8825,336312.2,1323826.643
600036.SH,2024-10-25,39.25,39.49,39.06,39.1,39.31,-0.21,-0.5342,447931.19,1756222.719
600036.SH,2024-10-28,39.01,39.1,38.28,38.52,39.1,-0.58,-1.4834,664640.94,2559210.507
600036.SH,2024-10-29,38.6,39.1,38.41,38.6,38.52,0.08,0.2077,514681.61,1990283.154
600036.SH,2024-10-30,38.51,38.9,37.61,37.88,38.6,-0.72,-1.8653,703408.28,2680423.056
600036.SH,2024-10-31,37.8,37.99,36.91,37.36,37.88,-0.52,-1.3728,850392.51,3173924.099
600036.SH,2024-11-01,37.44,38.3,37.38,38.01,37.36,0.65,1.7398,703102.11,2671523.515
600036.SH,2024-11-04,38.1,38.75,37.41,38.75,38.01,0.74,1.9469,646612.09,2466019.719
600036.SH,2024-11-05,38.43,39.1,38.4,39.08,38.75,0.33,0.8516,628744.76,2445317.943
600036.SH,2024-11-06,39.0,39.08,38.15,38.56,39.08,-0.52,-1.3306,648336.29,2501077.845
600036.SH,2024-11-07,38.42,39.58,38.38,39.57,38.56,1.01,2.6193,743472.18,2904874.006
600036.SH,2024-11-08,39.68,39.85,38.75,38.8,39.57,-0.77,-1.9459,745368.46,2920926.027
600036.SH,2024-11-11,38.3,38.7,37.89,38.33,38.8,-0.47,-1.2113,703145.55,2682610.299
600036.SH,2024-11-12,38.19,38.84,37.51,37.59,38.33,-0.74,-1.9306,893289.28,3399364.219
600036.SH,2024-11-13,37.59,37.98,37.51,37.82,37.59,0.23,0.6119,485304.4,1833809.094
600036.SH,2024-11-14,37.66,38.48,37.53,38.06,37.82,0.24,0.6346,676440.3,2585688.546
600036.SH,2024-11-15,38.08,38.57,37.81,37.82,38.06,-0.24,-0.6306,699276.88,2671344.642
600036.SH,2024-11-18,38.05,38.66,37.8,37.9,37.82,0.08,0.2115,763448.07,2918992.44
600036.SH,2024-11-19,37.91,38.18,37.45,37.72,37.9,-0.18,-0.4749,521248.55,1967719.175
600036.SH,2024-11-20,37.8,37.85,37.4,37.48,37.72,-0.24,-0.6363,451291.26,1693331.536
600036.SH,2024-11-21,37.48,37.66,37.27,37.43,37.48,-0.05,-0.1334,350336.14,1309684.433
600036.SH,2024-11-22,37.43,37.55,36.36,36.45,37.43,-0.98,-2.6182,690490.9,2544524.441
600036.SH,2024-11-25,36.7,36.86,36.12,36.22,36.45,-0.23,-0.631,534094.73,1945383.41
600036.SH,2024-11-26,36.03,36.58,35.84,36.39,36.22,0.17,0.4694,459421.21,1666651.768
600036.SH,2024-11-27,36.39,36.68,36.11,36.6,36.39,0.21,0.5771,392076.88,1429782.933
600036.SH,2024-11-28,36.6,36.85,36.18,36.47,36.6,-0.13,-0.3552,451939.1,1647865.702
600036.SH,2024-11-29,36.59,37.0,36.31,36.34,36.47,-0.13,-0.3565,664379.99,2437776.752
600036.SH,2024-12-02,36.45,36.68,36.2,36.51,36.34,0.17,0.4678,424652.09,1548959.36
600036.SH,2024-12-03,36.65,37.22,36.38,37.12,36.51,0.61,1.6708,721986.09,2658919.819
600036.SH,2024-12-04,37.09,37.09,36.53,36.81,37.12,-0.31,-0.8351,620511.24,2285383.469
600036.SH,2024-12-05,36.66,37.36,36.61,36.91,36.81,0.1,0.2717,568949.34,2108115.265
600036.SH,2024-12-06,37.01,37.82,37.01,37.7,36.91,0.79,2.1403,877235.87,3296793.042
600036.SH,2024-12-09,37.59,37.99,37.35,37.7,37.7,0.0,0.0,492995.35,1859542.283
600036.SH,2024-12-10,38.8,38.99,38.4,38.6,37.7,0.9,2.3873,1038953.19,4022695.501
600036.SH,2024-12-11,38.54,38.79,38.23,38.3,38.6,-0.3,-0.7772,517709.36,1988895.959
600036.SH,2024-12-12,38.29,38.83,38.21,38.8,38.3,0.5,1.3055,586888.76,2267252.621
600036.SH,2024-12-13,38.45,38.6,37.28,37.3,38.8,-1.5,-3.866,1117982.8,4213094.969
600036.SH,2024-12-16,37.35,37.78,37.32,37.74,37.3,0.44,1.1796,640315.89,2409086.954
600036.SH,2024-12-17,37.54,38.16,37.54,37.85,37.74,0.11,0.2915,603104.08,2287237.539
600036.SH,2024-12-18,38.02,38.66,37.86,38.52,37.85,0.67,1.7701,805855.36,3101731.956
600036.SH,2024-12-19,38.38,38.53,38.0,38.02,38.52,-0.5,-1.298,611195.82,2336249.857
600036.SH,2024-12-20,38.05,38.28,37.86,37.91,38.02,-0.11,-0.2893,542150.38,2060744.582
600036.SH,2024-12-23,37.99,38.7,37.98,38.35,37.91,0.44,1.1606,902691.56,3473126.152
600036.SH,2024-12-24,38.35,39.29,38.32,39.22,38.35,0.87,2.2686,993428.46,3875223.368
600036.SH,2024-12-25,39.23,39.56,38.99,39.4,39.22,0.18,0.4589,755913.07,2972981.821
600036.SH,2024-12-26,39.4,39.54,39.01,39.48,39.4,0.08,0.203,539251.94,2125139.425
600036.SH,2024-12-27,39.48,39.64,38.78,39.34,39.48,-0.14,-0.3546,700319.55,2742768.758
600036.SH,2024-12-30,39.34,39.8,39.25,39.62,39.34,0.28,0.7117,678845.33,2690314.729
600036.SH,2024-12-31,39.56,39.9,39.3,39.3,39.62,-0.32,-0.8077,643716.99,2549055.494
600036.SH,2025-01-02,39.35,39.5,38.34,38.51,39.3,-0.79,-2.0102,642000.7,2493694.677
600036.SH,2025-01-03,38.6,39.04,38.54,38.66,38.51,0.15,0.3895,682583.06,2646967.329
600036.SH,2025-01-06,38.9,39.1,38.13,39.05,38.66,0.39,1.0088,617158.63,2394244.404
600036.SH,2025-01-07,38.97,39.15,38.61,38.9,39.05,-0.15,-0.3841,492752.05,1917344.814
600036.SH,2025-01-08,38.83,39.55,38.82,39.28,38.9,0.38,0.9769,751481.02,2952943.868
600036.SH,2025-01-09,39.4,39.43,38.83,39.0,39.28,-0.28,-0.7128,447083.35,1748399.288
600036.SH,2025-01-10,39.34,39.45,38.81,38.98,39.0,-0.02,-0.0513,481424.8,1881660.497
600036.SH,2025-01-13,38.93,39.15,38.54,39.07,38.98,0.09,0.2309,606322.74,2360608.444
600036.SH,2025-01-14,39.09,39.97,38.9,39.85,39.07,0.78,1.9964,708011.88,2802857.578
600036.SH,2025-01-15,39.99,41.0,39.89,40.64,39.85,0.79,1.9824,796700.88,3234242.853
600036.SH,2025-01-16,40.65,41.15,40.53,40.99,40.64,0.35,0.8612,592593.86,2423118.469
600036.SH,2025-01-17,40.96,41.16,40.13,40.71,40.99,-0.28,-0.6831,475900.5,1936832.044
600036.SH,2025-01-20,40.98,41.07,40.11,40.12,40.71,-0.59,-1.4493,542574.82,2195966.48
600036.SH,2025-01-21,40.32,40.51,40.01,40.14,40.12,0.02,0.0499,400685.06,1613495.367
600036.SH,2025-01-22,40.14,40.16,39.32,39.45,40.14,-0.69,-1.719,588912.22,2327377.021
600036.SH,2025-01-23,39.67,40.23,39.52,39.83,39.45,0.38,0.9632,606618.1,2417576.583
600036.SH,2025-01-24,39.66,40.55,39.46,40.26,39.83,0.43,1.0796,574652.34,2312073.726
600036.SH,2025-01-27,40.58,40.97,40.55,40.65,40.26,0.39,0.9687,526060.47,2144848.681
600036.SH,2025-02-05,40.85,40.9,39.9,40.0,40.65,-0.65,-1.599,504788.89,2030411.802
600036.SH,2025-02-06,40.0,40.38,39.73,40.2,40.0,0.2,0.5,466088.42,1866867.478
600036.SH,2025-02-07,40.1,40.4,39.96,40.2,40.2,0.0,0.0,521066.18,2092855.37
600036.SH,2025-02-10,40.2,40.92,39.96,40.6,40.2,0.4,0.995,581805.95,2357786.974
600036.SH,2025-02-11,40.75,41.04,40.64,40.98,40.6,0.38,0.936,457771.19,1872296.623
600036.SH,2025-02-12,40.96,41.66,40.56,41.62,40.98,0.64,1.5617,603591.49,2484722.115
600036.SH,2025-02-13,41.65,41.95,41.34,41.71,41.62,0.09,0.2162,462206.98,1927409.816
600036.SH,2025-02-14,41.69,42.03,41.52,42.03,41.71,0.32,0.7672,498736.9,2086301.72
600036.SH,2025-02-17,41.99,41.99,41.36,41.72,42.03,-0.31,-0.7376,536125.61,2228540.282
600036.SH,2025-02-18,41.51,42.48,41.51,42.05,41.72,0.33,0.791,546665.39,2301403.254
600036.SH,2025-02-19,42.0,42.15,41.76,41.98,42.05,-0.07,-0.1665,374702.23,1572476.676
600036.SH,2025-02-20,42.0,42.09,41.68,41.85,41.98,-0.13,-0.3097,407675.08,1705724.684
600036.SH,2025-02-21,41.96,41.99,41.22,41.4,41.85,-0.45,-1.0753,595255.79,2467492.898
600036.SH,2025-02-24,41.39,41.75,41.1,41.27,41.4,-0.13,-0.314,571107.09,2361716.151
600036.SH,2025-02-25,41.15,41.44,40.91,41.03,41.27,-0.24,-0.5815,507321.2,2088784.244
600036.SH,2025-02-26,41.13,41.7,41.05,41.48,41.03,0.45,1.0968,476446.61,1974231.834
600036.SH,2025-02-27,41.6,42.4,41.28,42.38,41.48,0.9,2.1697,622596.57,2611617.503
600036.SH,2025-02-28,42.38,42.66,42.05,42.05,42.38,-0.33,-0.7787,705423.65,2985755.469
600036.SH,2025-03-03,42.12,42.62,41.95,42.05,42.05,0.0,0.0,470149.02,1983165.73
600036.SH,2025-03-04,41.91,42.1,41.77,41.8,42.05,-0.25,-0.5945,317245.42,1329037.847
600036.SH,2025-03-05,41.96,42.91,41.75,42.89,41.8,1.09,2.6077,632037.43,2689749.944
600036.SH,2025-03-06,42.89,43.1,42.45,42.96,42.89,0.07,0.1632,572053.04,2450800.591
600036.SH,2025-03-07,42.9,43.8,42.85,43.57,42.96,0.61,1.4199,605413.19,2626484.644
600036.SH,2025-03-10,43.49,43.58,42.82,43.07,43.57,-0.5,-1.1476,508749.71,2191791.878
600036.SH,2025-03-11,42.77,43.64,42.71,43.51,43.07,0.44,1.0216,565741.09,2447134.269
600036.SH,2025-03-12,43.5,43.86,43.25,43.54,43.51,0.03,0.0689,418258.36,1822497.448
600036.SH,2025-03-13,43.6,44.38,43.5,43.84,43.54,0.3,0.689,585539.28,2575079.64
600036.SH,2025-03-14,44.0,45.47,43.94,45.16,43.84,1.32,3.0109,911275.35,4095818.343
600036.SH,2025-03-17,45.32,45.5,44.98,45.04,45.16,-0.12,-0.2657,654209.73,2957486.225
600036.SH,2025-03-18,45.29,45.38,44.82,45.14,45.04,0.1,0.222,428220.01,1933102.848
600036.SH,2025-03-19,45.28,46.1,45.1,46.02,45.14,0.88,1.9495,670705.94,3061182.015
600036.SH,2025-03-20,45.92,45.92,44.78,45.24,46.02,-0.78,-1.6949,678656.03,3067327.047
600036.SH,2025-03-21,45.12,45.34,44.52,44.7,45.24,-0.54,-1.1936,675411.7,3030118.215
600036.SH,2025-03-24,44.55,45.19,44.55,45.05,44.7,0.35,0.783,449576.19,2018232.266
600036.SH,2025-03-25,45.0,45.5,44.95,45.09,45.05,0.04,0.0888,356871.55,1610425.397
600036.SH,2025-03-26,44.5,44.59,42.61,42.66,45.09,-2.43,-5.3892,1578326.32,6817699.594
600036.SH,2025-03-27,42.75,43.74,42.74,43.26,42.66,0.6,1.4065,827950.81,3583722.318
600036.SH,2025-03-28,43.3,43.45,43.06,43.22,43.26,-0.04,-0.0925,386184.09,1671063.294
600036.SH,2025-03-31,43.21,43.78,42.61,43.29,43.22,0.07,0.162,539568.88,2334387.177
600036.SH,2025-04-01,43.28,43.29,42.75,42.87,43.29,-0.42,-0.9702,389360.35,1671945.743
600036.SH,2025-04-02,42.87,43.15,42.68,42.73,42.87,-0.14,-0.3266,331201.89,1420244.308
600036.SH,2025-04-03,42.02,42.85,42.02,42.65,42.73,-0.08,-0.1872,464165.5,1977833.089
600036.SH,2025-04-07,40.94,42.0,39.39,40.83,42.65,-1.82,-4.2673,1815632.92,7360169.684
600036.SH,2025-04-08,40.78,41.2,40.44,41.15,40.83,0.32,0.7837,1610477.36,6562173.34
600036.SH,2025-04-09,40.6,41.02,40.3,40.46,41.15,-0.69,-1.6768,973969.35,3956703.949
600036.SH,2025-04-10,40.99,41.45,40.55,41.1,40.46,0.64,1.5818,743788.75,3057795.208
600036.SH,2025-04-11,41.11,41.69,40.81,41.51,41.1,0.41,0.9976,583056.91,2404586.566
600036.SH,2025-04-14,41.68,41.91,41.41,41.48,41.51,-0.03,-0.0723,482159.84,2006762.053
600036.SH,2025-04-15,41.49,42.29,41.45,42.1,41.48,0.62,1.4947,614563.86,2578602.435
600036.SH,2025-04-16,41.98,42.58,41.82,42.25,42.1,0.15,0.3563,576293.58,2425842.589
